,filename,distance
0,image_1079.jpg,809519.98
1,image_0772.jpg,254331.06
2,image_1307.jpg,75591.31
3,image_0127.jpg,17651.89
4,image_0479.jpg,13320.07
5,image_1250.jpg,89855.32
6,image_0948.jpg,1580.36
7,image_0964.jpg,4389.79
8,image_0953.jpg,546290.03
9,image_0151.jpg,210501.82
10,image_0973.jpg,366382.81
11,image_0724.jpg,174346.83
12,image_1196.jpg,113916.5
13,image_0386.jpg,46235.64
14,image_0692.jpg,13491.12
15,image_0832.jpg,18183.82
16,image_0603.jpg,60770.04
17,image_1261.jpg,6602840.23
18,image_0163.jpg,121607.58
19,image_0807.jpg,21393.08
20,image_0894.jpg,2659.97
21,image_1227.jpg,200321.89
22,image_1046.jpg,4175679.49
23,image_0100.jpg,11516.89
24,image_0502.jpg,1003007.21
25,image_1095.jpg,2755490.22
26,image_0268.jpg,105265.23
27,image_0261.jpg,3986.1
28,image_0316.jpg,1526.1
29,image_1257.jpg,17003.22
30,image_0688.jpg,26953.26
31,image_1238.jpg,271673.9
32,image_0534.jpg,63787.05
33,image_0303.jpg,71882.79
34,image_1111.jpg,340731.98
35,image_1317.jpg,6808493.81
36,image_0737.jpg,37215.03
37,image_1204.jpg,185796.09
38,image_0247.jpg,1098193.38
39,image_0962.jpg,11520.38
40,image_0646.jpg,1964588.55
41,image_0429.jpg,3223434.21
42,image_0131.jpg,116485.95
43,image_0758.jpg,389797.11
44,image_0128.jpg,1126894.74
45,image_0107.jpg,49897.42
46,image_0279.jpg,436739.99
47,image_0567.jpg,25580.4
48,image_0877.jpg,1058998.15
49,image_0683.jpg,96769.0
50,image_0904.jpg,7899.68
51,image_0331.jpg,729770.4
52,image_0483.jpg,82726.2
53,image_0245.jpg,5815.66
54,image_1316.jpg,133669.31
55,image_0815.jpg,39905.8
56,image_1255.jpg,73880.33
57,image_1355.jpg,1179562.17
58,image_0625.jpg,96702.0
59,image_0600.jpg,186076.15
60,image_0930.jpg,415941.79
61,image_0708.jpg,2790650.98
62,image_0333.jpg,2192.23
63,image_1043.jpg,291291.19
64,image_0614.jpg,1416.44
65,image_0833.jpg,11236.16
66,image_1207.jpg,20859.22
67,image_0186.jpg,259285.49
68,image_1326.jpg,1159186.34
69,image_0995.jpg,40172.6
70,image_0089.jpg,2792.55
71,image_0003.jpg,1612898.91
72,image_1084.jpg,1183559.78
73,image_1199.jpg,127347.7
74,image_1153.jpg,4277.0
75,image_0413.jpg,146239.69
76,image_0370.jpg,18697.71
77,image_0035.jpg,3257773.1
78,image_0485.jpg,34582.46
79,image_0565.jpg,16774.22
80,image_0741.jpg,67707.13
81,image_0978.jpg,119210.45
82,image_1116.jpg,365134.01
83,image_0477.jpg,2277512.08
84,image_0970.jpg,1548915.88
85,image_1273.jpg,348754.41
86,image_1161.jpg,150975.79
87,image_0216.jpg,66682.83
88,image_0072.jpg,45092.99
89,image_0195.jpg,1024255.0
90,image_0293.jpg,4770650.86
91,image_0446.jpg,228227.99
92,image_0731.jpg,8309.66
93,image_0857.jpg,6339952.74
94,image_0910.jpg,1987.3
95,image_0781.jpg,448645.56
96,image_1241.jpg,10721.25
97,image_0411.jpg,30610.86
98,image_0940.jpg,68220.62
99,image_0258.jpg,92804.37
100,image_0294.jpg,7275623.46
101,image_0788.jpg,422967.48
102,image_0936.jpg,63385.23
103,image_1090.jpg,321118.05
104,image_0039.jpg,6290133.51
105,image_0641.jpg,190278.2
106,image_0344.jpg,90344.81
107,image_1232.jpg,267418.16
108,image_0053.jpg,154554.89
109,image_1177.jpg,397951.33
110,image_0945.jpg,35607.98
111,image_1231.jpg,5394.39
112,image_0262.jpg,1626867.57
113,image_0838.jpg,23662.02
114,image_0317.jpg,689946.39
115,image_0241.jpg,692613.03
116,image_1244.jpg,411346.82
117,image_1175.jpg,170623.72
118,image_0748.jpg,465482.45
119,image_0667.jpg,635261.78
120,image_0034.jpg,40727.23
121,image_1138.jpg,28625.89
122,image_0277.jpg,38388.67
123,image_0591.jpg,1706.93
124,image_0578.jpg,296455.68
125,image_0083.jpg,64900.14
126,image_0805.jpg,2217.28
127,image_0376.jpg,60770.73
128,image_0050.jpg,49751.42
129,image_0137.jpg,6686.94
130,image_0027.jpg,4487.64
131,image_1271.jpg,90486.92
132,image_0225.jpg,1676124.35
133,image_0322.jpg,2033.19
134,image_0022.jpg,5874.14
135,image_0497.jpg,22020.57
136,image_1294.jpg,20158.16
137,image_1243.jpg,32777.67
138,image_1268.jpg,35410.93
139,image_0084.jpg,1504.19
140,image_1097.jpg,37722.79
141,image_0729.jpg,146954.86
142,image_0472.jpg,5221823.39
143,image_0397.jpg,966521.91
144,image_0088.jpg,46561.66
145,image_0606.jpg,4098137.56
146,image_0121.jpg,5970.89
147,image_1174.jpg,1317425.72
148,image_0204.jpg,1074096.22
149,image_1005.jpg,1527292.54
150,image_0500.jpg,3201.63
151,image_0360.jpg,139467.37
152,image_0855.jpg,2221.04
153,image_1087.jpg,86947.47
154,image_0434.jpg,4168434.04
155,image_1067.jpg,54775.86
156,image_0494.jpg,68300.7
157,image_0289.jpg,404916.1
158,image_1112.jpg,2978.17
159,image_1181.jpg,51924.39
160,image_1023.jpg,26895.76
161,image_1027.jpg,1021718.53
162,image_0365.jpg,4529.14
163,image_0668.jpg,119576.36
164,image_1291.jpg,1695053.1
165,image_0410.jpg,595424.33
166,image_1264.jpg,26479.53
167,image_0372.jpg,576147.13
168,image_0882.jpg,757938.97
169,image_0816.jpg,74336.33
170,image_0169.jpg,10446.46
171,image_0765.jpg,8476.0
172,image_1037.jpg,14445.86
173,image_0323.jpg,34760.2
174,image_0237.jpg,388516.99
175,image_0823.jpg,6620.92
176,image_0283.jpg,231549.12
177,image_0752.jpg,7688.58
178,image_0858.jpg,1736.99
179,image_0907.jpg,87533.18
180,image_0548.jpg,2788315.9
181,image_0092.jpg,44803.9
182,image_0898.jpg,29144.63
183,image_0449.jpg,50444.03
184,image_0071.jpg,2414.66
185,image_1124.jpg,21268.61
186,image_0354.jpg,100678.16
187,image_1327.jpg,4689733.26
188,image_0980.jpg,114708.85
189,image_0811.jpg,9736.51
190,image_0605.jpg,286542.17
191,image_0455.jpg,595472.32
192,image_0789.jpg,745824.39
193,image_1146.jpg,104084.12
194,image_0626.jpg,164594.16
195,image_0517.jpg,1476425.52
196,image_0052.jpg,272072.32
197,image_0952.jpg,41731.89
198,image_0590.jpg,41268.17
199,image_0276.jpg,50999.76
200,image_0761.jpg,8419.97
201,image_0969.jpg,58518.04
202,image_1200.jpg,16057.44
203,image_0130.jpg,76188.73
204,image_0782.jpg,1026199.32
205,image_0601.jpg,54586.24
206,image_1336.jpg,2345.77
207,image_0295.jpg,6905643.9
208,image_1282.jpg,5528.1
209,image_0817.jpg,3033.43
210,image_0675.jpg,9040663.2
211,image_1102.jpg,278317.46
212,image_0726.jpg,37158.96
213,image_0320.jpg,1128200.83
214,image_0739.jpg,15246.29
215,image_0271.jpg,44212.03
216,image_0094.jpg,51516.68
217,image_1176.jpg,22088.22
218,image_0612.jpg,2091.54
219,image_1350.jpg,201564.65
220,image_0822.jpg,2142.87
221,image_1056.jpg,1094714.09
222,image_0571.jpg,69413.05
223,image_0913.jpg,75122.44
224,image_0014.jpg,46112.93
225,image_0914.jpg,4082.09
226,image_0192.jpg,2201894.15
227,image_0542.jpg,843370.05
228,image_0176.jpg,257305.19
229,image_0167.jpg,46968.22
230,image_0341.jpg,97826.67
231,image_0197.jpg,6587.53
232,image_0111.jpg,1830.83
233,image_0310.jpg,4523320.1
234,image_0933.jpg,49345.26
235,image_0687.jpg,5044160.35
236,image_1286.jpg,16617.4
237,image_1210.jpg,2784.95
238,image_0707.jpg,1119626.07
239,image_0480.jpg,4614820.61
240,image_0275.jpg,3608263.24
241,image_0005.jpg,79039.83
242,image_0286.jpg,3050993.85
243,image_0132.jpg,180805.34
244,image_1348.jpg,75899.7
245,image_0895.jpg,16613.73
246,image_0263.jpg,104664.45
247,image_0142.jpg,6329.33
248,image_1010.jpg,19434.25
249,image_0424.jpg,31885.16
250,image_0298.jpg,96169.98
251,image_0899.jpg,104047.74
252,image_0147.jpg,28940.47
253,image_0905.jpg,2173.73
254,image_0764.jpg,45827.2
255,image_0265.jpg,90830.44
256,image_1334.jpg,2397002.18
257,image_0463.jpg,5826034.33
258,image_1002.jpg,11515.78
259,image_0767.jpg,49630.3
260,image_1237.jpg,2158076.92
261,image_0989.jpg,41375.42
262,image_1036.jpg,4009.67
263,image_0033.jpg,6229.29
264,image_0613.jpg,1883384.72
265,image_0967.jpg,2425.55
266,image_1017.jpg,39079.25
267,image_0794.jpg,100766.58
268,image_1308.jpg,1746.63
269,image_0998.jpg,438503.57
270,image_1040.jpg,66180.41
271,image_0880.jpg,28993.06
272,image_1345.jpg,591513.23
273,image_0152.jpg,5040572.62
274,image_0836.jpg,4261.63
275,image_1108.jpg,31164.78
276,image_0076.jpg,707310.31
277,image_0044.jpg,215998.01
278,image_0629.jpg,147487.82
279,image_0628.jpg,310708.53
280,image_1051.jpg,194838.73
281,image_0656.jpg,3455445.09
282,image_0746.jpg,101565.14
283,image_0860.jpg,11229.92
284,image_0139.jpg,95384.98
285,image_1020.jpg,40396.51
286,image_0730.jpg,516468.93
287,image_1251.jpg,2833207.77
288,image_1341.jpg,2389857.94
289,image_0790.jpg,2997.64
290,image_0026.jpg,539372.19
291,image_1191.jpg,17445.61
292,image_0824.jpg,65950.44
293,image_0168.jpg,1124302.98
294,image_0780.jpg,9442736.41
295,image_0597.jpg,1241.81
296,image_0848.jpg,8956.02
297,image_0025.jpg,78526.05
298,image_0676.jpg,98350.46
299,image_0959.jpg,42611.9
300,image_0699.jpg,65055.19
301,image_0078.jpg,74471.09
302,image_0435.jpg,416016.35
303,image_0579.jpg,408349.18
304,image_0798.jpg,24041.17
305,image_0728.jpg,2682140.7
306,image_0486.jpg,1038569.62
307,image_0398.jpg,659618.91
308,image_0636.jpg,333608.97
309,image_1265.jpg,35053.13
310,image_0749.jpg,230730.62
311,image_1050.jpg,1449303.4
312,image_0787.jpg,14305.44
313,image_0235.jpg,32807.41
314,image_0521.jpg,1140604.96
315,image_0802.jpg,2385.71
316,image_0906.jpg,48980.55
317,image_0727.jpg,7906.19
318,image_0284.jpg,6570962.74
319,image_0257.jpg,1926.37
320,image_0458.jpg,1141004.37
321,image_1014.jpg,2126.59
322,image_0559.jpg,7808008.71
323,image_1212.jpg,5019372.99
324,image_0082.jpg,274322.95
325,image_0719.jpg,32253.5
326,image_0818.jpg,15614.56
327,image_0580.jpg,35743.01
328,image_1074.jpg,405119.56
329,image_0670.jpg,1537654.65
330,image_0498.jpg,1479708.48
331,image_1026.jpg,24840.89
332,image_1001.jpg,1733809.07
333,image_1306.jpg,4823.57
334,image_1183.jpg,162017.6
335,image_0736.jpg,18975.2
336,image_0219.jpg,413716.05
337,image_0814.jpg,32332.16
338,image_0006.jpg,16567.46
339,image_1041.jpg,84583.36
340,image_0190.jpg,351016.98
341,image_0694.jpg,623114.33
342,image_0649.jpg,958247.1
343,image_0254.jpg,1307057.98
344,image_0301.jpg,1364845.69
345,image_0202.jpg,47599.6
346,image_0673.jpg,998040.89
347,image_0269.jpg,228156.74
348,image_0690.jpg,1227525.57
349,image_0830.jpg,13698.63
350,image_0106.jpg,580846.64
351,image_0103.jpg,46141.82
352,image_1266.jpg,537663.5
353,image_1045.jpg,99458.2
354,image_0744.jpg,604610.59
355,image_0912.jpg,5223.25
356,image_0349.jpg,16729.86
357,image_0156.jpg,321651.35
358,image_0172.jpg,245037.22
359,image_0428.jpg,4665189.28
360,image_1066.jpg,21756.89
361,image_0800.jpg,212381.8
362,image_1145.jpg,2809.57
363,image_0183.jpg,1989806.16
364,image_0415.jpg,791184.01
365,image_0273.jpg,48864.69
366,image_0108.jpg,340043.46
367,image_0924.jpg,65969.15
368,image_0725.jpg,707548.39
369,image_0513.jpg,72860.66
370,image_0319.jpg,54809.42
371,image_1287.jpg,4121.45
372,image_1285.jpg,61490.55
373,image_1151.jpg,3594.33
374,image_1299.jpg,97521.2
375,image_1028.jpg,1221682.4
376,image_1030.jpg,1419647.18
377,image_0220.jpg,1509022.83
378,image_1192.jpg,1012782.95
379,image_0223.jpg,262986.01
380,image_0495.jpg,24448.72
381,image_0251.jpg,96358.44
382,image_0342.jpg,54296.57
383,image_0030.jpg,10710.82
384,image_0373.jpg,172964.51
385,image_0023.jpg,25619.78
386,image_1022.jpg,313879.7
387,image_0897.jpg,56195.16
388,image_0177.jpg,472882.0
389,image_0403.jpg,642811.18
390,image_0452.jpg,4296.72
391,image_0545.jpg,3115.64
392,image_0490.jpg,16115.49
393,image_0593.jpg,1852.69
394,image_1220.jpg,9211.9
395,image_0990.jpg,27830.65
396,image_0266.jpg,61139.03
397,image_0419.jpg,1486761.75
398,image_0442.jpg,12829.14
399,image_0213.jpg,23490.4
400,image_0501.jpg,260448.42
401,image_0766.jpg,116654.32
402,image_0209.jpg,3516820.03
403,image_1083.jpg,352411.79
404,image_0081.jpg,92883.64
405,image_0757.jpg,1753340.06
406,image_0207.jpg,9306.34
407,image_0677.jpg,479848.34
408,image_0481.jpg,928868.99
409,image_0086.jpg,6064939.54
410,image_1337.jpg,14015.72
411,image_0983.jpg,455636.61
412,image_0055.jpg,26593.2
413,image_0971.jpg,293006.78
414,image_0691.jpg,979842.22
415,image_1133.jpg,2389.23
416,image_0345.jpg,1833.5
417,image_0326.jpg,3727.79
418,image_0538.jpg,1020454.56
419,image_1357.jpg,7912.42
420,image_0873.jpg,5120.55
421,image_0143.jpg,598531.88
422,image_1165.jpg,104097.09
423,image_0243.jpg,4238383.94
424,image_0553.jpg,84596.74
425,image_1331.jpg,85734.64
426,image_0351.jpg,4056779.52
427,image_0334.jpg,9158.52
428,image_0154.jpg,1331206.51
429,image_0236.jpg,39989.9
430,image_1035.jpg,22000.26
431,image_1080.jpg,66429.69
432,image_0013.jpg,7327.12
433,image_1333.jpg,124902.1
434,image_0813.jpg,47469.41
435,image_1262.jpg,82839.96
436,image_0514.jpg,1016429.9
437,image_1166.jpg,2186.33
438,image_0300.jpg,62731.6
439,image_0684.jpg,7456.34
440,image_0750.jpg,12058.73
441,image_1324.jpg,4900681.19
442,image_0633.jpg,156571.35
443,image_0759.jpg,243395.7
444,image_0367.jpg,4387675.82
445,image_1012.jpg,38857.66
446,image_0797.jpg,17219.97
447,image_1259.jpg,24559.36
448,image_0653.jpg,174890.44
449,image_1085.jpg,1861040.21
450,image_0623.jpg,606297.17
451,image_0847.jpg,85782.96
452,image_0581.jpg,9950.41
453,image_0385.jpg,550613.1
454,image_1103.jpg,40780.15
455,image_0436.jpg,282865.35
456,image_0985.jpg,173699.52
457,image_0695.jpg,245737.81
458,image_1234.jpg,1031741.3
459,image_0457.jpg,1804.91
460,image_1213.jpg,39429.67
461,image_1347.jpg,92841.06
462,image_0250.jpg,177144.04
463,image_0977.jpg,68460.94
464,image_0468.jpg,30589.24
465,image_0459.jpg,6024967.28
466,image_1194.jpg,451884.0
467,image_0947.jpg,7664.33
468,image_1121.jpg,9471.43
469,image_0430.jpg,385280.13
470,image_0451.jpg,32504.29
471,image_1270.jpg,81370.22
472,image_0994.jpg,17401.55
473,image_1033.jpg,27375.94
474,image_0867.jpg,4978.9
475,image_1152.jpg,3802924.44
476,image_0596.jpg,3721.05
477,image_0011.jpg,1780.7
478,image_1198.jpg,166373.16
479,image_0640.jpg,99413.4
480,image_1058.jpg,8929.23
481,image_0437.jpg,6142927.06
482,image_0390.jpg,1281746.78
483,image_0445.jpg,2022760.0
484,image_0774.jpg,239888.94
485,image_1216.jpg,74690.65
486,image_1284.jpg,1696120.62
487,image_0925.jpg,7569.08
488,image_0664.jpg,6476933.47
489,image_0958.jpg,207984.78
490,image_0146.jpg,2916468.12
491,image_1148.jpg,34130.35
492,image_0889.jpg,319379.21
493,image_0133.jpg,38749.7
494,image_0714.jpg,212451.39
495,image_0602.jpg,3747.03
496,image_0617.jpg,64120.91
497,image_1171.jpg,3803902.72
498,image_0561.jpg,35914.32
499,image_0054.jpg,1140878.26
500,image_0017.jpg,853481.45
501,image_0760.jpg,32149.21
502,image_0992.jpg,35920.67
503,image_0336.jpg,9371.45
504,image_0634.jpg,990140.63
505,image_0886.jpg,104339.27
506,image_0503.jpg,118622.79
507,image_0282.jpg,181278.96
508,image_1289.jpg,1529428.32
509,image_0535.jpg,2201.12
510,image_0763.jpg,33550.36
511,image_0742.jpg,96529.66
512,image_0487.jpg,98801.87
513,image_0648.jpg,1908082.63
514,image_0371.jpg,356338.23
515,image_0126.jpg,1065358.84
516,image_1120.jpg,1559962.44
517,image_0652.jpg,131122.61
518,image_0098.jpg,10028.24
519,image_1178.jpg,346041.42
520,image_1301.jpg,50377.75
521,image_0680.jpg,1084791.56
522,image_1330.jpg,1026497.07
523,image_1069.jpg,110496.39
524,image_0666.jpg,4059554.0
525,image_0232.jpg,533251.88
526,image_0040.jpg,3179.53
527,image_1322.jpg,1074699.12
528,image_0526.jpg,8303.26
529,image_0639.jpg,29125.24
530,image_0588.jpg,18026.83
531,image_0536.jpg,1881274.47
532,image_0047.jpg,41894.86
533,image_0810.jpg,7018.43
534,image_0972.jpg,2854974.79
535,image_1315.jpg,1684375.5
536,image_1013.jpg,3515.87
537,image_0572.jpg,903290.63
538,image_0826.jpg,7955.5
539,image_0117.jpg,208598.52
540,image_0672.jpg,934229.79
541,image_0178.jpg,2093962.75
542,image_0589.jpg,2253080.26
543,image_0732.jpg,552317.67
544,image_1009.jpg,129239.47
545,image_0563.jpg,172448.57
546,image_0577.jpg,1704456.38
547,image_1173.jpg,42373.82
548,image_1247.jpg,1929133.73
549,image_1004.jpg,30384.17
550,image_0853.jpg,18185.49
551,image_0609.jpg,142354.59
552,image_0401.jpg,247951.04
553,image_0615.jpg,2619606.57
554,image_1150.jpg,200013.08
555,image_1021.jpg,6449846.79
556,image_0292.jpg,15961.26
557,image_1053.jpg,982668.94
558,image_0338.jpg,46866.92
559,image_0057.jpg,4339.02
560,image_0482.jpg,81592.31
561,image_0170.jpg,576946.52
562,image_1313.jpg,323343.83
563,image_0461.jpg,2192.14
564,image_1105.jpg,74441.01
565,image_0309.jpg,2577657.29
566,image_0484.jpg,1577169.62
567,image_1119.jpg,437825.14
568,image_1323.jpg,18275.01
569,image_1230.jpg,49737.06
570,image_0756.jpg,400072.77
571,image_0821.jpg,85911.2
572,image_0114.jpg,26072.37
573,image_0123.jpg,210693.54
574,image_0402.jpg,5227575.38
575,image_1219.jpg,91106.68
576,image_0635.jpg,16778.63
577,image_0162.jpg,4035.58
578,image_0306.jpg,22923.66
579,image_0620.jpg,20706.04
580,image_0544.jpg,138879.4
581,image_0738.jpg,87817.94
582,image_0671.jpg,783120.09
583,image_0465.jpg,49263.8
584,image_0456.jpg,146253.64
585,image_0859.jpg,6687.49
586,image_0287.jpg,3440901.0
587,image_0878.jpg,10047.67
588,image_0773.jpg,166652.82
589,image_0314.jpg,22348.63
590,image_0439.jpg,2030944.92
591,image_1360.jpg,1515347.54
592,image_1184.jpg,6539.81
593,image_1032.jpg,630992.18
594,image_1082.jpg,93383.43
595,image_1131.jpg,170449.62
596,image_0796.jpg,166030.8
597,image_0024.jpg,105458.43
598,image_0362.jpg,68167.36
599,image_1276.jpg,380806.88
600,image_0527.jpg,141103.9
601,image_0786.jpg,418437.47
602,image_0783.jpg,421617.86
603,image_0650.jpg,256512.61
604,image_0253.jpg,498503.25
605,image_0537.jpg,86834.97
606,image_0584.jpg,122707.71
607,image_1070.jpg,4397848.93
608,image_0662.jpg,849697.47
609,image_0705.jpg,37003.69
610,image_1338.jpg,2951846.02
611,image_0852.jpg,3400.42
612,image_0509.jpg,273104.05
613,image_0734.jpg,161833.64
614,image_0211.jpg,88660.88
615,image_0264.jpg,19831.46
616,image_0991.jpg,1154788.33
617,image_0706.jpg,473720.65
618,image_1303.jpg,2509085.32
619,image_0562.jpg,2843.55
620,image_1149.jpg,4677.67
621,image_0523.jpg,1893375.08
622,image_1109.jpg,677612.15
623,image_0965.jpg,1311009.94
624,image_1114.jpg,144526.06
625,image_1159.jpg,522196.86
626,image_0116.jpg,34634.56
627,image_0735.jpg,381708.49
628,image_0157.jpg,394533.23
629,image_0466.jpg,128307.31
630,image_1346.jpg,65432.74
631,image_1233.jpg,197230.54
632,image_1042.jpg,766232.76
633,image_0554.jpg,124369.11
634,image_0129.jpg,534423.61
635,image_0718.jpg,65545.41
636,image_0389.jpg,35294.24
637,image_0525.jpg,1518399.6
638,image_0339.jpg,51499.66
639,image_0138.jpg,2187753.86
640,image_0242.jpg,4113304.02
641,image_1169.jpg,20606.87
642,image_1007.jpg,68662.5
643,image_0546.jpg,412906.62
644,image_1222.jpg,11954.01
645,image_0976.jpg,4332084.64
646,image_0558.jpg,98911.06
647,image_0325.jpg,64572.37
648,image_0304.jpg,368591.39
649,image_0392.jpg,52999.01
650,image_0343.jpg,101571.42
651,image_1318.jpg,2413436.27
652,image_0462.jpg,559905.88
653,image_0865.jpg,17860.28
654,image_1160.jpg,257010.74
655,image_1127.jpg,1725263.36
656,image_1344.jpg,96651.14
657,image_0929.jpg,123714.57
658,image_1117.jpg,92608.77
659,image_0124.jpg,261038.57
660,image_0954.jpg,202818.53
661,image_0951.jpg,201758.06
662,image_0926.jpg,52643.09
663,image_0199.jpg,8635.87
664,image_0512.jpg,622810.03
665,image_0678.jpg,555296.88
666,image_0175.jpg,1819264.85
667,image_0318.jpg,33235.36
668,image_0556.jpg,6174.92
669,image_0068.jpg,8271.76
670,image_0238.jpg,481889.14
671,image_0654.jpg,292379.73
672,image_0622.jpg,380864.33
673,image_0740.jpg,312746.65
674,image_1136.jpg,8963.29
675,image_0784.jpg,1319075.41
676,image_0058.jpg,29310.04
677,image_0808.jpg,5555.63
678,image_1354.jpg,3050.41
679,image_0717.jpg,446447.3
680,image_0530.jpg,15119.18
681,image_1000.jpg,188475.57
682,image_0555.jpg,119969.13
683,image_0038.jpg,2212.21
684,image_0686.jpg,28224.9
685,image_0405.jpg,3012880.41
686,image_1157.jpg,11099.21
687,image_1099.jpg,279885.5
688,image_0313.jpg,265912.03
689,image_0522.jpg,148659.03
690,image_0278.jpg,86749.66
691,image_0785.jpg,24387.02
692,image_1081.jpg,181059.33
693,image_0384.jpg,60417.76
694,image_0624.jpg,177535.94
695,image_0387.jpg,35953.89
696,image_0888.jpg,124578.27
697,image_0297.jpg,19866.23
698,image_0427.jpg,6028322.45
699,image_0679.jpg,1483359.49
700,image_0422.jpg,1050258.22
701,image_1063.jpg,230916.56
702,image_0021.jpg,278889.51
703,image_0515.jpg,618878.4
704,image_0148.jpg,80027.82
705,image_1006.jpg,1649.48
706,image_1254.jpg,138615.79
707,image_0923.jpg,89445.22
708,image_1269.jpg,140831.88
709,image_0551.jpg,94891.78
710,image_0887.jpg,45756.82
711,image_0488.jpg,661758.31
712,image_0066.jpg,3779.05
713,image_0776.jpg,42093.64
714,image_0909.jpg,92831.32
715,image_0885.jpg,105918.88
716,image_0109.jpg,51203.03
717,image_0917.jpg,31975.64
718,image_0957.jpg,516953.71
719,image_0869.jpg,33269.71
720,image_1206.jpg,212000.54
721,image_0966.jpg,38859.89
722,image_0474.jpg,6145325.36
723,image_1290.jpg,308572.61
724,image_0845.jpg,1583.58
725,image_0431.jpg,5406767.17
726,image_0164.jpg,1454318.02
727,image_0661.jpg,12552120.89
728,image_0935.jpg,96772.31
729,image_0311.jpg,1136011.84
730,image_0464.jpg,7602963.35
731,image_0993.jpg,39869.85
732,image_0015.jpg,128379.48
733,image_0809.jpg,68481.73
734,image_0377.jpg,298055.92
735,image_1310.jpg,140758.87
736,image_0820.jpg,2225.9
737,image_0388.jpg,46596.93
738,image_0217.jpg,6291382.47
739,image_1093.jpg,3342034.54
740,image_1141.jpg,160649.7
741,image_0890.jpg,758263.25
742,image_0861.jpg,169956.77
743,image_1235.jpg,8293.55
744,image_1057.jpg,113748.78
745,image_0573.jpg,15035.23
746,image_0986.jpg,68461.84
747,image_0122.jpg,9559.98
748,image_0059.jpg,131827.12
749,image_0102.jpg,4346551.0
750,image_0229.jpg,5428569.69
751,image_1358.jpg,230038.0
752,image_0507.jpg,62943.49
753,image_0879.jpg,20457.13
754,image_0850.jpg,6636.16
755,image_0651.jpg,979079.81
756,image_0856.jpg,9795.11
757,image_0607.jpg,679048.23
758,image_0754.jpg,77236.88
759,image_0939.jpg,16141.9
760,image_0205.jpg,143086.72
761,image_0095.jpg,18705.51
762,image_0353.jpg,91722.74
763,image_0165.jpg,171657.92
764,image_0467.jpg,4168383.62
765,image_0113.jpg,206670.25
766,image_0872.jpg,13722.88
767,image_0208.jpg,10685.69
768,image_0302.jpg,121530.52
769,image_1236.jpg,3964.37
770,image_0941.jpg,24222.1
771,image_0159.jpg,105184.17
772,image_0067.jpg,26295.65
773,image_1293.jpg,1635952.04
774,image_0779.jpg,15534.55
775,image_0552.jpg,32948.87
776,image_0529.jpg,67402.23
777,image_1296.jpg,5487.54
778,image_0492.jpg,1710886.77
779,image_1100.jpg,3193761.98
780,image_0355.jpg,892697.31
781,image_0812.jpg,44177.48
782,image_0378.jpg,751814.21
783,image_1246.jpg,3989.95
784,image_0681.jpg,2725994.47
785,image_0420.jpg,43853.76
786,image_0193.jpg,5081.37
787,image_0627.jpg,77186.31
788,image_0716.jpg,222443.12
789,image_1129.jpg,3542.84
790,image_0101.jpg,2291.8
791,image_1110.jpg,91323.92
792,image_1170.jpg,3580.5
793,image_0296.jpg,20403.77
794,image_0931.jpg,18323.34
795,image_1245.jpg,12483.8
796,image_0062.jpg,8486.12
797,image_0974.jpg,5278.92
798,image_0189.jpg,2589147.18
799,image_0632.jpg,860535.75
800,image_1195.jpg,64250.59
801,image_1155.jpg,2714.52
802,image_1038.jpg,123449.7
803,image_0987.jpg,25101.26
804,image_0181.jpg,5842.76
805,image_1256.jpg,378811.58
806,image_0409.jpg,4980206.94
807,image_1062.jpg,150942.94
808,image_0470.jpg,235642.66
809,image_1209.jpg,10914.87
810,image_1356.jpg,36929.51
811,image_0928.jpg,302799.94
812,image_0120.jpg,69514.91
813,image_0383.jpg,4400.22
814,image_0960.jpg,466829.58
815,image_1267.jpg,401472.72
816,image_1132.jpg,53465.52
817,image_0379.jpg,1366305.84
818,image_0893.jpg,123463.13
819,image_1163.jpg,14160.75
820,image_1311.jpg,4685983.32
821,image_0412.jpg,43172.57
822,image_1107.jpg,28404.66
823,image_0896.jpg,2111.75
824,image_0791.jpg,80061.01
825,image_1275.jpg,105553.1
826,image_1260.jpg,57121.21
827,image_1139.jpg,32072.13
828,image_1101.jpg,662371.01
829,image_0004.jpg,127085.13
830,image_1226.jpg,14527.03
831,image_0587.jpg,1539.26
832,image_1239.jpg,4778.96
833,image_0709.jpg,452179.25
834,image_1168.jpg,200102.55
835,image_1202.jpg,103846.19
836,image_0346.jpg,632753.68
837,image_1339.jpg,92203.25
838,image_0049.jpg,349456.87
839,image_0166.jpg,15605.81
840,image_0881.jpg,78039.08
841,image_1351.jpg,266318.51
842,image_0270.jpg,451970.33
843,image_0655.jpg,4786854.0
844,image_1288.jpg,25086.56
845,image_0450.jpg,195092.77
846,image_0946.jpg,39445.35
847,image_0674.jpg,583336.29
848,image_0332.jpg,32515.24
849,image_0069.jpg,54400.6
850,image_0702.jpg,3245010.77
851,image_1240.jpg,948164.45
852,image_0864.jpg,216628.43
853,image_0214.jpg,409218.89
854,image_0768.jpg,54145.31
855,image_0491.jpg,116266.46
856,image_0393.jpg,479976.48
857,image_0586.jpg,137478.77
858,image_0375.jpg,7172.0
859,image_0018.jpg,200943.94
860,image_0733.jpg,7103334.57
861,image_0042.jpg,36959.82
862,image_0144.jpg,5329.8
863,image_0846.jpg,5461.78
864,image_0827.jpg,7409.63
865,image_0149.jpg,67852.82
866,image_0524.jpg,507486.76
867,image_1263.jpg,50162.66
868,image_0036.jpg,3313.64
869,image_0564.jpg,31242.8
870,image_0703.jpg,643758.35
871,image_0643.jpg,395516.54
872,image_1182.jpg,3052317.62
873,image_1180.jpg,6301499.02
874,image_0566.jpg,1522.61
875,image_1298.jpg,745107.9
876,image_1073.jpg,1112112.99
877,image_0988.jpg,139918.22
878,image_0274.jpg,5366920.4
879,image_0417.jpg,3201238.4
880,image_0099.jpg,16867.52
881,image_0751.jpg,300812.7
882,image_1126.jpg,1448.59
883,image_0210.jpg,10012.88
884,image_1049.jpg,298951.29
885,image_0619.jpg,10814.26
886,image_1122.jpg,32788.97
887,image_0932.jpg,104520.51
888,image_0150.jpg,892864.03
889,image_0335.jpg,90701.98
890,image_0920.jpg,212963.0
891,image_0803.jpg,11410.87
892,image_1076.jpg,137186.83
893,image_1128.jpg,73636.51
894,image_0002.jpg,36862.77
895,image_0448.jpg,2918302.82
896,image_0911.jpg,73060.91
897,image_1140.jpg,439677.3
898,image_1314.jpg,89158.83
899,image_0982.jpg,39072.26
900,image_0280.jpg,6816436.46
901,image_1115.jpg,17112.43
902,image_0155.jpg,195438.32
903,image_0366.jpg,5322.34
904,image_1089.jpg,161504.29
905,image_0533.jpg,348958.08
906,image_0352.jpg,80624.84
907,image_0324.jpg,21593.82
908,image_0611.jpg,54506.9
909,image_0065.jpg,39607.26
910,image_1137.jpg,20853.88
911,image_0374.jpg,889908.77
912,image_0358.jpg,6439.0
913,image_0560.jpg,687536.54
914,image_1320.jpg,278118.45
915,image_0460.jpg,3227341.09
916,image_0575.jpg,8152.36
917,image_0689.jpg,90483.48
918,image_0831.jpg,14789.51
919,image_1003.jpg,8784.25
920,image_0246.jpg,1644.77
921,image_0194.jpg,253449.59
922,image_1143.jpg,2061169.99
923,image_0511.jpg,94549.09
924,image_0396.jpg,69793.25
925,image_1359.jpg,1439628.27
926,image_0337.jpg,53744.96
927,image_1295.jpg,7078898.85
928,image_0180.jpg,30889.97
929,image_0200.jpg,81740.71
930,image_1217.jpg,4434.49
931,image_1029.jpg,10473.91
932,image_0433.jpg,235627.23
933,image_0153.jpg,251915.14
934,image_0621.jpg,450680.46
935,image_0568.jpg,38710.92
936,image_1258.jpg,2653.35
937,image_1048.jpg,170378.13
938,image_0135.jpg,62404.6
939,image_0230.jpg,973245.04
940,image_1158.jpg,8745.74
941,image_1329.jpg,861453.92
942,image_0540.jpg,148882.14
943,image_1280.jpg,2659342.43
944,image_0704.jpg,6731338.64
945,image_0755.jpg,247002.53
946,image_0608.jpg,58676.43
947,image_0469.jpg,1050120.94
948,image_1054.jpg,1502467.33
949,image_0981.jpg,178152.09
950,image_0712.jpg,901187.77
951,image_0504.jpg,455632.49
952,image_0793.jpg,262912.5
953,image_0531.jpg,4089424.36
954,image_1189.jpg,2038079.25
955,image_0443.jpg,31884.2
956,image_0996.jpg,27506.74
957,image_1281.jpg,991325.92
958,image_1016.jpg,942728.28
959,image_1253.jpg,66377.98
960,image_0520.jpg,2635360.16
961,image_0255.jpg,2364213.89
962,image_0918.jpg,4574.44
963,image_1130.jpg,1380565.42
964,image_0903.jpg,12411.84
965,image_0849.jpg,12371.91
966,image_0950.jpg,77879.78
967,image_1208.jpg,364357.58
968,image_1332.jpg,362160.62
969,image_0441.jpg,1981168.36
970,image_0454.jpg,530580.33
971,image_0908.jpg,104102.65
972,image_1242.jpg,15237.33
973,image_0944.jpg,11097.11
974,image_1274.jpg,369465.34
975,image_1190.jpg,19745.37
976,image_1167.jpg,116516.57
977,image_0075.jpg,19576.41
978,image_0665.jpg,1400827.72
979,image_1075.jpg,125891.35
980,image_0722.jpg,32360.48
981,image_0698.jpg,388438.5
982,image_1319.jpg,18176.06
983,image_1225.jpg,490914.84
984,image_0839.jpg,235815.11
985,image_1086.jpg,712308.46
986,image_0955.jpg,3161.28
987,image_1071.jpg,1490445.33
988,image_0862.jpg,4276.58
989,image_0685.jpg,17028.2
990,image_1011.jpg,35920.73
991,image_0919.jpg,34216.38
992,image_0361.jpg,16418.56
993,image_0432.jpg,45967.25
994,image_0644.jpg,1161444.76
995,image_0228.jpg,71887.23
996,image_0077.jpg,7031.81
997,image_0594.jpg,1283.24
998,image_0426.jpg,2776244.97
999,image_0203.jpg,16679.36
1000,image_0747.jpg,829384.76
1001,image_1059.jpg,315018.52
1002,image_0663.jpg,4344745.09
1003,image_0518.jpg,1196356.91
1004,image_0171.jpg,2306.63
1005,image_0799.jpg,6291718.24
1006,image_0934.jpg,3803.43
1007,image_0348.jpg,97221.08
1008,image_1304.jpg,347337.82
1009,image_0854.jpg,121077.22
1010,image_0762.jpg,23597.63
1011,image_0056.jpg,8559.44
1012,image_0074.jpg,78540.66
1013,image_0382.jpg,4418.09
1014,image_0723.jpg,20021.73
1015,image_0884.jpg,29454.29
1016,image_0570.jpg,54092.74
1017,image_1134.jpg,12137.0
1018,image_1214.jpg,12481.89
1019,image_1193.jpg,2034.01
1020,image_0110.jpg,11929.0
1021,image_1300.jpg,52240.56
1022,image_1309.jpg,437077.11
1023,image_0696.jpg,58595.72
1024,image_0697.jpg,46317.69
1025,image_1039.jpg,459872.79
1026,image_0115.jpg,22923.48
1027,image_1292.jpg,2261.73
1028,image_1144.jpg,139776.55
1029,image_0875.jpg,2573.12
1030,image_0901.jpg,3074.26
1031,image_0499.jpg,47028.24
1032,image_0161.jpg,5271.78
1033,image_1179.jpg,41926.08
1034,image_1078.jpg,121722.75
1035,image_0769.jpg,197785.53
1036,image_0505.jpg,3343648.4
1037,image_0248.jpg,1240173.36
1038,image_1325.jpg,1567.1
1039,image_0618.jpg,6409754.01
1040,image_0519.jpg,8803.55
1041,image_1197.jpg,178235.35
1042,image_0231.jpg,118367.41
1043,image_1088.jpg,6370.81
1044,image_0975.jpg,20117.3
1045,image_0569.jpg,3392.31
1046,image_0212.jpg,2436845.41
1047,image_1060.jpg,91623.04
1048,image_0508.jpg,314310.89
1049,image_0007.jpg,1294013.82
1050,image_0657.jpg,1314181.78
1051,image_0136.jpg,30743.49
1052,image_0063.jpg,46347.59
1053,image_0085.jpg,11470.47
1054,image_0222.jpg,9291.86
1055,image_0188.jpg,1169338.06
1056,image_0949.jpg,6645.57
1057,image_0828.jpg,8960.2
1058,image_0825.jpg,397417.68
1059,image_0259.jpg,10469.93
1060,image_0506.jpg,145226.11
1061,image_0118.jpg,23278.39
1062,image_1125.jpg,128848.91
1063,image_0321.jpg,2703519.09
1064,image_1098.jpg,3588.98
1065,image_1249.jpg,22429.93
1066,image_0160.jpg,482968.95
1067,image_0158.jpg,12302.59
1068,image_0835.jpg,329740.71
1069,image_0547.jpg,719055.33
1070,image_1034.jpg,36144.78
1071,image_0173.jpg,935313.04
1072,image_0218.jpg,639316.45
1073,image_0942.jpg,14877.74
1074,image_0637.jpg,32100.99
1075,image_0009.jpg,1002417.48
1076,image_0999.jpg,3823.78
1077,image_0447.jpg,118951.65
1078,image_1047.jpg,2529735.93
1079,image_0701.jpg,5010978.98
1080,image_0711.jpg,930340.17
1081,image_0473.jpg,4323823.57
1082,image_1321.jpg,25531.39
1083,image_0444.jpg,304122.53
1084,image_0871.jpg,2870268.41
1085,image_0256.jpg,159120.14
1086,image_0583.jpg,147205.6
1087,image_0368.jpg,117460.97
1088,image_0804.jpg,5121.13
1089,image_1279.jpg,637788.39
1090,image_0031.jpg,46356.57
1091,image_1072.jpg,2890.0
1092,image_0073.jpg,52034.02
1093,image_1172.jpg,106028.85
1094,image_0347.jpg,149315.76
1095,image_0381.jpg,636832.82
1096,image_0968.jpg,1098244.83
1097,image_0288.jpg,100883.59
1098,image_1052.jpg,141233.36
1099,image_0140.jpg,768106.91
1100,image_0851.jpg,27856.18
1101,image_1113.jpg,14630.9
1102,image_1187.jpg,302288.74
1103,image_0528.jpg,93814.61
1104,image_0840.jpg,134070.42
1105,image_0299.jpg,44127.45
1106,image_0206.jpg,501094.05
1107,image_0837.jpg,366213.1
1108,image_0863.jpg,173077.71
1109,image_0630.jpg,4806876.32
1110,image_0549.jpg,36368.24
1111,image_1092.jpg,6132718.64
1112,image_0478.jpg,3977300.79
1113,image_0281.jpg,6356040.27
1114,image_0585.jpg,21364.02
1115,image_0119.jpg,2325009.52
1116,image_1142.jpg,22107.34
1117,image_0363.jpg,1485.15
1118,image_0550.jpg,454411.9
1119,image_0902.jpg,6288.97
1120,image_0285.jpg,1522109.44
1121,image_1156.jpg,132185.55
1122,image_0328.jpg,553556.75
1123,image_0395.jpg,545376.88
1124,image_1094.jpg,338458.56
1125,image_0215.jpg,128402.4
1126,image_0112.jpg,9355.77
1127,image_0391.jpg,44297.88
1128,image_0394.jpg,359107.13
1129,image_0440.jpg,203440.66
1130,image_0356.jpg,131312.08
1131,image_0330.jpg,15752.77
1132,image_0185.jpg,19530.13
1133,image_0710.jpg,91315.1
1134,image_0647.jpg,398409.92
1135,image_1221.jpg,281469.82
1136,image_0184.jpg,41063.69
1137,image_0604.jpg,52373.58
1138,image_0105.jpg,6736611.81
1139,image_0874.jpg,1494.91
1140,image_0019.jpg,9267.72
1141,image_0489.jpg,187988.73
1142,image_1188.jpg,1078700.93
1143,image_0125.jpg,1100130.09
1144,image_1343.jpg,607985.05
1145,image_0404.jpg,188244.1
1146,image_0700.jpg,476480.38
1147,image_0956.jpg,21937.77
1148,image_0745.jpg,447085.26
1149,image_0196.jpg,1368655.04
1150,image_0510.jpg,353577.24
1151,image_0916.jpg,90142.65
1152,image_0008.jpg,190100.35
1153,image_0642.jpg,3062127.67
1154,image_0516.jpg,2244834.65
1155,image_1201.jpg,4290.45
1156,image_0984.jpg,176655.4
1157,image_1312.jpg,285365.11
1158,image_1205.jpg,27257.33
1159,image_0249.jpg,78917.32
1160,image_0938.jpg,5327.8
1161,image_0012.jpg,91587.73
1162,image_0638.jpg,23544.51
1163,image_0892.jpg,21192.66
1164,image_1123.jpg,397243.9
1165,image_1164.jpg,3162.97
1166,image_0844.jpg,12974.96
1167,image_1135.jpg,2501.86
1168,image_0943.jpg,9954.18
1169,image_0541.jpg,124781.46
1170,image_0032.jpg,3031.41
1171,image_0795.jpg,49808.71
1172,image_0841.jpg,2385.73
1173,image_0659.jpg,665660.65
1174,image_0870.jpg,77514.66
1175,image_0029.jpg,20127.99
1176,image_0060.jpg,7494.49
1177,image_0179.jpg,221038.27
1178,image_0496.jpg,55076.33
1179,image_0226.jpg,2476714.11
1180,image_1044.jpg,1824571.07
1181,image_0201.jpg,3046988.7
1182,image_1068.jpg,24802.45
1183,image_0350.jpg,113748.47
1184,image_0438.jpg,4202563.7
1185,image_0753.jpg,132576.7
1186,image_1283.jpg,586630.22
1187,image_0961.jpg,313387.59
1188,image_1147.jpg,427117.21
1189,image_0174.jpg,53800.32
1190,image_0423.jpg,286545.06
1191,image_0715.jpg,390427.38
1192,image_0016.jpg,11940.73
1193,image_0227.jpg,637204.12
1194,image_0051.jpg,35983.34
1195,image_0080.jpg,48513.33
1196,image_0819.jpg,9966.24
1197,image_0927.jpg,181611.27
1198,image_1162.jpg,29833.07
1199,image_0041.jpg,84626.22
1200,image_0425.jpg,180963.22
1201,image_1340.jpg,385536.77
1202,image_0291.jpg,2996.76
1203,image_0252.jpg,13005.21
1204,image_0400.jpg,117470.39
1205,image_1349.jpg,70726.06
1206,image_1077.jpg,174643.94
1207,image_0660.jpg,3545817.21
1208,image_0693.jpg,202752.04
1209,image_0842.jpg,35972.73
1210,image_0141.jpg,19978.49
1211,image_0658.jpg,1611366.43
1212,image_0843.jpg,4197.5
1213,image_0182.jpg,27773.98
1214,image_1352.jpg,1030781.3
1215,image_0493.jpg,69349.99
1216,image_0979.jpg,2206049.66
1217,image_0777.jpg,400216.94
1218,image_1215.jpg,31554.1
1219,image_0224.jpg,980153.25
1220,image_0070.jpg,10086.23
1221,image_0093.jpg,111536.04
1222,image_1185.jpg,6365903.5
1223,image_1278.jpg,497708.62
1224,image_0582.jpg,3579.7
1225,image_0046.jpg,6229.47
1226,image_1186.jpg,399108.04
1227,image_0713.jpg,86233.22
1228,image_1229.jpg,109105.92
1229,image_0290.jpg,1456090.44
1230,image_0096.jpg,2695.06
1231,image_0380.jpg,317279.55
1232,image_0543.jpg,107302.89
1233,image_0399.jpg,13615725.22
1234,image_1228.jpg,576239.68
1235,image_0669.jpg,152952.62
1236,image_0104.jpg,1446.35
1237,image_1031.jpg,2669.48
1238,image_0868.jpg,4135.58
1239,image_1118.jpg,168813.26
1240,image_0866.jpg,24259.87
1241,image_0414.jpg,7602162.1
1242,image_0028.jpg,35992.1
1243,image_0453.jpg,2031022.63
1244,image_1211.jpg,10747.65
1245,image_1328.jpg,1028789.23
1246,image_0891.jpg,153129.03
1247,image_0340.jpg,617671.71
1248,image_1024.jpg,194940.22
1249,image_1055.jpg,107911.81
1250,image_0770.jpg,94448.41
1251,image_0595.jpg,6102.86
1252,image_0244.jpg,6552973.98
1253,image_0364.jpg,26875.28
1254,image_1104.jpg,1739885.45
1255,image_0775.jpg,341909.28
1256,image_0312.jpg,295271.83
1257,image_0407.jpg,749658.74
1258,image_0806.jpg,28409.51
1259,image_1203.jpg,1648607.19
1260,image_0087.jpg,1437133.95
1261,image_0471.jpg,282784.47
1262,image_1302.jpg,466884.22
1263,image_0043.jpg,28633.97
1264,image_1353.jpg,803556.76
1265,image_0064.jpg,172189.74
1266,image_0616.jpg,6286.67
1267,image_1305.jpg,1128705.0
1268,image_0721.jpg,54780.57
1269,image_0963.jpg,19144.1
1270,image_0421.jpg,118934.76
1271,image_1154.jpg,42393.73
1272,image_0408.jpg,1230286.53
1273,image_0233.jpg,73004.73
1274,image_0267.jpg,110995.01
1275,image_0061.jpg,28208.1
1276,image_1019.jpg,87305.25
1277,image_0097.jpg,4551.31
1278,image_0937.jpg,2019.9
1279,image_1218.jpg,72876.97
1280,image_0369.jpg,277273.56
1281,image_1106.jpg,188923.15
1282,image_0574.jpg,480213.0
1283,image_0829.jpg,3601898.06
1284,image_0720.jpg,3243.62
1285,image_0329.jpg,161816.24
1286,image_0922.jpg,10669.95
1287,image_0539.jpg,1837471.61
1288,image_0037.jpg,165533.21
1289,image_1008.jpg,139844.54
1290,image_0305.jpg,83411.27
1291,image_0240.jpg,868863.01
1292,image_0876.jpg,3888.37
1293,image_0272.jpg,1303305.88
1294,image_0915.jpg,531646.97
1295,image_0359.jpg,56075.08
1296,image_0778.jpg,332960.45
1297,image_1252.jpg,317302.73
1298,image_0743.jpg,142189.14
1299,image_0771.jpg,236063.21
1300,image_0406.jpg,1476984.09
1301,image_0532.jpg,575358.64
1302,image_0476.jpg,3012591.33
1303,image_1224.jpg,489362.05
1304,image_0557.jpg,3968.25
1305,image_0592.jpg,159168.69
1306,image_0090.jpg,13273.03
1307,image_0576.jpg,2089.53
1308,image_0307.jpg,151469.18
1309,image_1335.jpg,3383084.63
1310,image_0234.jpg,38116.16
1311,image_0091.jpg,56251.54
1312,image_0315.jpg,7227.56
1313,image_0997.jpg,369995.06
1314,image_0079.jpg,579110.68
1315,image_0327.jpg,5677.21
1316,image_0308.jpg,75657.98
1317,image_0198.jpg,41532.57
1318,image_0239.jpg,8019.25
1319,image_0610.jpg,19518.54
1320,image_1297.jpg,9503081.9
1321,image_0599.jpg,101100.3
1322,image_1064.jpg,229943.31
1323,image_0020.jpg,2303.05
1324,image_1272.jpg,403682.13
1325,image_0187.jpg,1305708.73
1326,image_0191.jpg,50139.36
1327,image_1015.jpg,6970.88
1328,image_0145.jpg,13417.97
1329,image_0883.jpg,7259.56
1330,image_0418.jpg,228252.04
1331,image_1277.jpg,70147.86
1332,image_0010.jpg,112954.92
1333,image_0357.jpg,50504.39
1334,image_0048.jpg,46075.35
1335,image_0631.jpg,4609403.27
1336,image_1091.jpg,398642.53
1337,image_0416.jpg,31809.67
1338,image_0045.jpg,38750.14
1339,image_1065.jpg,23922.86
1340,image_0598.jpg,3179.85
1341,image_0921.jpg,757586.8
1342,image_1248.jpg,14529.46
1343,image_1096.jpg,2411445.21
1344,image_0645.jpg,2508985.2
1345,image_1018.jpg,39638.86
1346,image_0792.jpg,531387.69
1347,image_0801.jpg,2748.72
1348,image_0900.jpg,18206.57
1349,image_0834.jpg,186992.18
1350,image_0260.jpg,2293173.88
1351,image_1223.jpg,69603.32
1352,image_0221.jpg,6327040.31
1353,image_0475.jpg,642861.83
1354,image_0682.jpg,78420.68
1355,image_1342.jpg,59418.77
1356,image_1025.jpg,1024082.79
1357,image_1061.jpg,1128749.19
1358,image_0134.jpg,741510.92
